Activity.Therapeutic area_Immunology,Activity.Therapeutic area_Neurology,Activity.Therapeutic area_Others,Project.Legal entity (Plant)_BE11,Project.Legal entity (Plant)_CN01,Project.Legal entity (Plant)_DE10,Project.Legal entity (Plant)_GB01,Project.Legal entity (Plant)_JP01,Project.Legal entity (Plant)_Others,Project.Legal entity (Plant)_US05,Project.Responsibility_Medical Affairs.1,Project.Responsibility_Others,Project.Responsibility_PVU Immunology,Project.Responsibility_PVU Neurology,Project.Responsibility_PVU New Medicines,Project.Responsibility_SPEAR,Project.Impact on patient_Direct impact on patients,Project.Impact on patient_Others,Project.Impact on patient_false,Project.R&D Priority_Core,Project.R&D Priority_Focused,Project.R&D Priority_Platinum,Project.R&D Priority_false,Activity.Number of patients,Activity.Number of sites,Activity.Nb of target countries,Activity.Duration,indication,OUTPUT
0,1,0,0,0,0,0,1,0,0,0,0,0,0,0,1,0,0,1,0,0,0,1,50.0,20.0,1.0,3144960.0,3,120.721839
0,0,1,1,0,0,0,0,0,0,0,1,0,0,0,0,1,0,0,0,0,0,1,600.0,40.0,1.0,2452320.0,2,47.44300000000001
0,1,0,0,0,0,0,1,0,0,0,0,0,0,0,1,1,0,0,0,0,0,1,500.0,200.0,1.0,4019040.0,1,1.716
1,0,0,0,0,0,0,1,0,0,0,0,1,0,0,0,0,0,1,0,0,0,1,165.0,35.0,1.0,1524960.0,3,131.178529
0,1,0,0,0,0,0,1,0,0,0,0,0,0,0,1,1,0,0,0,0,0,1,436.0,28.0,1.0,3047040.0,1,1.75
1,0,0,0,0,1,0,0,0,0,0,0,1,0,0,0,1,0,0,0,0,0,1,736.0,99.0,14.0,2901600.0,1,2.0
0,1,0,0,0,0,0,1,0,0,0,0,0,0,0,1,0,0,1,0,0,0,1,274.0,100.0,2.0,3647520.0,1,15.725
0,1,0,0,0,0,0,0,0,1,0,0,0,1,0,0,1,0,0,0,0,0,1,25.0,1.0,1.0,2649600.0,2,21.325
0,1,0,1,0,0,0,0,0,0,0,0,0,1,0,0,1,0,0,0,0,0,1,548.0,72.0,2.0,3712320.0,2,56.125
1,0,0,0,0,0,0,0,0,1,0,0,1,0,0,0,1,0,0,0,0,0,1,131.0,50.0,5.0,2728800.0,1,8.425
0,1,0,1,0,0,0,0,0,0,0,0,0,1,0,0,0,0,1,0,0,0,1,50.0,20.0,10.0,2446560.0,2,45.68
0,1,0,0,0,1,0,0,0,0,0,0,0,1,0,0,0,0,1,0,0,0,1,250.0,198.0,23.0,3287520.0,2,60.25
0,1,0,1,0,0,0,0,0,0,0,0,0,1,0,0,0,0,1,0,0,0,1,100.0,35.0,4.0,3078720.0,2,26.885
0,1,0,0,0,0,0,0,0,1,0,0,0,1,0,0,1,0,0,0,0,0,1,42.0,25.0,3.0,4030560.0,2,23.775
1,0,0,0,0,0,0,0,0,1,0,0,1,0,0,0,0,0,1,0,0,0,1,18.0,35.0,4.0,3564000.0,1,17.425
0,1,0,0,0,0,0,0,0,1,0,0,0,1,0,0,1,0,0,0,0,0,1,767.0,195.0,17.0,3988800.0,3,101.85
0,1,0,0,0,0,0,0,1,0,0,0,0,1,0,0,0,0,1,0,0,0,1,135.0,20.0,1.0,1740960.0,3,147.375
0,1,0,0,0,0,0,0,0,1,0,0,0,1,0,0,1,0,0,0,0,0,1,50.0,1.0,1.0,1199520.0,1,6.0
0,1,0,0,0,0,0,0,0,1,0,0,0,1,0,0,1,0,0,0,0,0,1,72.0,1.0,1.0,1306080.0,2,33.15
0,1,0,0,0,0,0,0,0,1,0,0,0,1,0,0,1,0,0,0,0,0,1,120.0,100.0,13.0,2298240.0,2,49.125
0,1,0,0,0,1,0,0,0,0,0,0,0,1,0,0,0,0,1,0,0,0,1,45.0,25.0,1.0,3414240.0,1,0.25
1,0,0,0,0,0,0,0,0,1,0,0,1,0,0,0,1,0,0,0,0,0,1,857.0,109.0,26.0,3872160.0,1,9.0
0,1,0,1,0,0,0,0,0,0,0,0,0,1,0,0,1,0,0,0,0,0,1,12.0,1.0,1.0,3242880.0,1,4.8
0,1,0,0,0,0,0,1,0,0,0,0,0,0,0,1,0,0,1,0,0,0,1,60.0,1.0,1.0,997920.0,1,7.425
0,1,0,0,0,1,0,0,0,0,0,0,0,1,0,0,0,0,1,0,0,0,1,250.0,198.0,23.0,5228640.0,2,56.4
0,1,0,0,1,0,0,0,0,0,0,1,0,0,0,0,1,0,0,0,0,0,1,30.0,8.0,1.0,1392480.0,1,15.4
0,1,0,0,1,0,0,0,0,0,0,0,0,1,0,0,1,0,0,0,0,0,1,888.0,241.0,29.0,7233120.0,3,233.05
0,0,1,0,1,0,0,0,0,0,0,1,0,0,0,0,1,0,0,0,0,0,1,240.0,11.0,1.0,2704320.0,1,13.15
0,1,0,0,0,0,0,0,0,1,0,0,0,1,0,0,1,0,0,0,0,0,1,50.0,20.0,6.0,2452320.0,2,49.35
1,0,0,0,0,0,0,0,0,1,0,0,1,0,0,0,1,0,0,0,0,0,1,595.0,206.0,29.0,4939200.0,1,8.0
1,0,0,1,0,0,0,0,0,0,0,0,0,0,1,0,1,0,0,1,0,0,0,42.0,2.0,2.0,1251360.0,1,2.3
0,1,0,0,0,0,0,0,0,1,0,0,0,1,0,0,1,0,0,0,0,0,1,11.0,5.0,3.0,2340000.0,2,24.75
1,0,0,0,0,0,1,0,0,0,0,0,0,0,1,0,1,0,0,1,0,0,0,390.0,131.0,20.0,7544160.0,1,14.0
0,1,0,0,0,0,0,0,0,1,0,0,0,1,0,0,1,0,0,0,0,0,1,853.0,154.0,26.0,7452000.0,2,73.325
0,1,0,0,0,0,0,0,1,0,0,0,0,1,0,0,0,0,1,0,0,0,1,200.0,30.0,1.0,1467360.0,3,177.85
0,1,0,0,0,0,0,1,0,0,0,0,0,0,0,1,0,0,1,0,0,0,1,20.0,1.0,1.0,2106720.0,1,4.8
1,0,0,0,0,0,0,0,0,1,0,0,1,0,0,0,1,0,0,0,0,0,1,900.0,150.0,1.0,8375040.0,1,16.35
1,0,0,0,0,0,1,0,0,0,0,0,0,0,1,0,1,0,0,1,0,0,0,420.0,240.0,23.0,7244640.0,1,2.0
1,0,0,0,0,0,0,0,0,1,0,0,1,0,0,0,1,0,0,0,0,0,1,36.0,6.0,3.0,2449440.0,2,64.625
0,1,0,0,1,0,0,0,0,0,0,0,0,1,0,0,1,0,0,0,0,0,1,527.0,159.0,29.0,3401280.0,3,163.8
1,0,0,0,0,0,0,0,0,1,0,0,1,0,0,0,1,0,0,0,0,0,1,780.0,165.0,30.0,2571840.0,3,139.47
1,0,0,0,0,0,0,0,0,1,0,0,1,0,0,0,0,0,1,0,0,0,1,160.0,40.0,4.0,2344320.0,1,9.5
0,1,0,0,0,0,0,0,0,1,0,0,0,1,0,0,1,0,0,0,0,0,1,100.0,31.0,6.0,1902240.0,2,20.225
1,0,0,0,0,0,0,0,0,1,0,0,1,0,0,0,1,0,0,0,0,0,1,582.0,70.0,13.0,3323520.0,1,1.6
0,1,0,0,1,0,0,0,0,0,0,0,0,1,0,0,1,0,0,0,0,0,1,24.0,1.0,1.0,1336320.0,1,1.5
0,1,0,1,0,0,0,0,0,0,0,0,0,1,0,0,0,0,1,0,0,0,1,24.0,1.0,1.0,1055520.0,1,7.375
0,1,0,0,0,0,0,0,0,1,0,0,0,1,0,0,1,0,0,1,0,0,0,300.0,50.0,12.0,2028960.0,3,163.01
1,0,0,0,0,0,0,0,0,1,0,0,1,0,0,0,1,0,0,0,0,0,1,780.0,165.0,30.0,2568960.0,3,251.37
0,1,0,0,1,0,0,0,0,0,0,0,0,1,0,0,1,0,0,0,0,0,1,451.0,130.0,12.0,4563360.0,2,27.465
0,1,0,0,0,0,0,0,0,1,0,0,0,1,0,0,1,0,0,0,0,0,1,720.0,133.0,17.0,2391840.0,2,53.35
1,0,0,0,0,1,0,0,0,0,0,0,1,0,0,0,1,0,0,0,0,0,1,42.0,1.0,1.0,1215360.0,1,4.1
1,0,0,0,0,1,0,0,0,0,0,0,1,0,0,0,1,0,0,0,0,0,1,409.0,120.0,15.0,3974400.0,3,104.625
1,0,0,1,0,0,0,0,0,0,0,0,1,0,0,0,0,0,1,0,0,0,1,600.0,94.0,10.0,2170080.0,1,4.0
0,1,0,1,0,0,0,0,0,0,0,0,0,1,0,0,0,0,1,0,0,0,1,500.0,150.0,12.0,6547680.0,3,162.835
0,1,0,0,0,0,0,0,1,0,0,0,0,1,0,0,0,0,1,0,0,0,1,500.0,65.0,1.0,2321280.0,2,51.5
1,0,0,0,0,0,0,0,0,1,0,0,1,0,0,0,1,0,0,0,0,0,1,29.0,11.0,1.0,3500640.0,1,3.0
0,1,0,1,0,0,0,0,0,0,0,0,0,1,0,0,0,0,1,0,0,0,1,124.0,47.0,1.0,3903840.0,1,4.375
0,1,0,0,0,0,0,0,0,1,0,0,0,1,0,0,1,0,0,0,0,0,1,656.0,160.0,13.0,3782880.0,3,173.855
1,0,0,1,0,0,0,0,0,0,0,0,0,0,1,0,1,0,0,1,0,0,0,100.0,2.0,2.0,1128960.0,2,23.125
0,1,0,1,0,0,0,0,0,0,0,0,0,0,1,0,0,0,1,0,0,0,1,48.0,1.0,1.0,1150560.0,1,10.0
1,0,0,0,0,0,0,0,0,1,0,0,1,0,0,0,0,0,1,0,0,0,1,163.0,36.0,7.0,4678560.0,3,253.25
0,1,0,0,0,0,0,0,0,1,0,0,0,1,0,0,1,0,0,0,0,0,1,24.0,1.0,1.0,2082240.0,1,3.5
1,0,0,0,0,0,0,0,1,0,1,0,0,0,0,0,1,0,0,0,0,0,1,120.0,21.0,1.0,2247840.0,3,105.212
0,1,0,1,0,0,0,0,0,0,0,0,0,1,0,0,0,0,1,0,0,0,1,100.0,40.0,7.0,4720320.0,2,40.95
0,1,0,0,0,0,0,0,0,1,0,0,0,1,0,0,1,0,0,1,0,0,0,665.0,25.0,12.0,3204000.0,3,244.4
0,1,0,0,0,0,0,0,0,1,0,0,0,1,0,0,1,0,0,0,0,0,1,650.0,180.0,20.0,2348640.0,2,29.4
0,1,0,0,1,0,0,0,0,0,0,1,0,0,0,0,1,0,0,0,0,0,1,840.0,125.0,5.0,5034240.0,1,0.375
0,1,0,1,0,0,0,0,0,0,0,0,0,1,0,0,1,0,0,0,0,0,1,473.0,68.0,2.0,3651840.0,2,59.65
0,1,0,0,0,0,0,0,0,1,0,0,0,1,0,0,1,0,0,1,0,0,0,700.0,69.0,5.0,2871360.0,1,5.0
0,1,0,0,0,0,0,0,0,1,0,0,0,1,0,0,1,0,0,0,0,0,1,108.0,58.0,12.0,3998880.0,2,70.44
0,1,0,0,0,0,0,0,0,1,0,0,0,1,0,0,1,0,0,0,0,0,1,300.0,91.0,12.0,5667840.0,3,115.7
1,0,0,0,0,0,0,0,0,1,0,0,1,0,0,0,1,0,0,0,0,0,1,203.0,44.0,11.0,3032640.0,1,5.1
0,1,0,1,0,0,0,0,0,0,0,1,0,0,0,0,1,0,0,0,0,0,1,60.0,10.0,5.0,1189440.0,1,0.75
0,1,0,0,1,0,0,0,0,0,0,0,0,1,0,0,1,0,0,0,0,0,1,33.0,15.0,6.0,2096640.0,3,165.85
1,0,0,0,0,0,0,0,0,1,0,0,1,0,0,0,1,0,0,0,0,0,1,869.0,219.0,1.0,5227200.0,2,38.85
1,0,0,0,0,0,1,0,0,0,0,0,0,0,1,0,0,0,1,0,0,0,1,24.0,1.0,1.0,2446560.0,1,4.0
1,0,0,1,0,0,0,0,0,0,0,0,0,0,1,0,1,0,0,1,0,0,0,39.0,1.0,1.0,1455840.0,2,36.225
0,1,0,0,0,0,0,0,0,1,0,0,0,1,0,0,1,0,0,1,0,0,0,400.0,100.0,6.0,1952640.0,3,166.975
1,0,0,0,0,0,0,0,0,1,0,0,1,0,0,0,1,0,0,0,0,0,1,402.0,128.0,20.0,5862240.0,2,70.6
0,1,0,0,1,0,0,0,0,0,0,0,0,0,0,1,1,0,0,0,0,0,1,55.0,24.0,1.0,3438720.0,1,12.062999999999999
0,1,0,1,0,0,0,0,0,0,0,1,0,0,0,0,1,0,0,0,0,0,1,346.0,24.0,1.0,2916000.0,3,193.525
0,1,0,0,1,0,0,0,0,0,0,0,0,1,0,0,1,0,0,0,0,0,1,322.0,130.0,12.0,3733920.0,2,75.915
0,1,0,0,0,1,0,0,0,0,0,0,0,1,0,0,0,0,1,0,0,0,1,45.0,25.0,1.0,2501280.0,1,12.375
1,0,0,0,0,0,0,0,0,1,0,0,1,0,0,0,1,0,0,0,0,0,1,500.0,100.0,14.0,4240800.0,1,1.1
1,0,0,1,0,0,0,0,0,0,0,0,1,0,0,0,0,0,1,0,0,0,1,435.0,81.0,9.0,1969920.0,1,5.0
1,0,0,0,0,1,0,0,0,0,0,0,1,0,0,0,1,0,0,0,0,0,1,325.0,120.0,15.0,3641760.0,2,71.8
0,1,0,0,1,0,0,0,0,0,1,0,0,0,0,0,1,0,0,0,0,0,1,200.0,10.0,1.0,1504800.0,1,3.25
1,0,0,0,0,0,0,0,0,1,0,0,1,0,0,0,1,0,0,0,0,0,1,900.0,130.0,15.0,7113600.0,3,410.15
0,1,0,0,0,1,0,0,0,0,0,0,0,1,0,0,0,0,1,0,0,0,1,24.0,15.0,1.0,2437920.0,2,53.675
0,1,0,0,1,0,0,0,0,0,1,0,0,0,0,0,1,0,0,0,0,0,1,100.0,15.0,1.0,1828800.0,2,30.2
0,1,0,1,0,0,0,0,0,0,0,1,0,0,0,0,1,0,0,0,0,0,1,24.0,1.0,1.0,1598400.0,1,11.35
0,1,0,0,0,0,0,0,0,1,0,0,0,1,0,0,1,0,0,0,0,0,1,543.0,240.0,37.0,4256640.0,2,39.125
1,0,0,0,0,0,0,0,0,1,0,1,0,0,0,0,1,0,0,0,0,0,1,125.0,40.0,3.0,1418400.0,2,26.475
1,0,0,0,0,0,0,0,0,1,0,1,0,0,0,0,1,0,0,0,0,0,1,110.0,40.0,3.0,3379680.0,2,43.425
1,0,0,1,0,0,0,0,0,0,0,0,1,0,0,0,0,0,1,0,0,0,1,560.0,100.0,15.0,2034720.0,1,7.0
1,0,0,0,0,0,1,0,0,0,0,0,0,0,1,0,1,0,0,1,0,0,0,16.0,6.0,2.0,2276640.0,1,14.075
0,1,0,0,0,0,0,0,0,1,0,0,0,1,0,0,1,0,0,0,0,0,1,300.0,155.0,31.0,2678400.0,3,128.575
1,0,0,0,0,0,0,0,0,1,0,0,1,0,0,0,1,0,0,0,0,0,1,1600.0,330.0,30.0,2744640.0,3,194.4
0,1,0,1,0,0,0,0,0,0,0,0,0,1,0,0,1,0,0,0,0,0,1,24.0,1.0,1.0,1812960.0,1,4.7
0,1,0,0,0,0,0,0,0,1,0,0,0,1,0,0,1,0,0,1,0,0,0,300.0,80.0,4.0,1795680.0,3,197.6
0,1,0,0,1,0,0,0,0,0,1,0,0,0,0,0,1,0,0,0,0,0,1,72.0,12.0,1.0,2115360.0,2,62.035
1,0,0,0,0,0,1,0,0,0,0,0,0,0,1,0,1,0,0,1,0,0,0,40.0,15.0,1.0,1861920.0,3,110.925
1,0,0,0,0,0,0,0,0,1,0,0,1,0,0,0,1,0,0,0,0,0,1,311.0,141.0,24.0,4993920.0,1,8.5
0,1,0,1,0,0,0,0,0,0,0,1,0,0,0,0,1,0,0,0,0,0,1,248.0,24.0,1.0,4212000.0,3,172.75
1,0,0,0,0,0,0,0,0,1,0,1,0,0,0,0,1,0,0,0,0,0,1,220.0,90.0,3.0,2187360.0,2,72.955
0,1,0,0,0,0,0,0,0,1,1,0,0,0,0,0,1,0,0,0,0,0,1,50.0,2.0,1.0,2527200.0,1,19.4
0,1,0,0,0,0,0,0,0,1,0,0,0,1,0,0,1,0,0,0,0,0,1,50.0,50.0,6.0,2887200.0,2,86.625
1,0,0,0,0,0,0,0,0,1,0,0,1,0,0,0,1,0,0,0,0,0,1,800.0,120.0,7.0,2692800.0,3,446.7
0,1,0,0,0,1,0,0,0,0,0,0,0,1,0,0,0,0,1,0,0,0,1,90.0,15.0,1.0,2200320.0,2,64.075
0,1,0,0,0,0,0,0,0,1,0,0,0,1,0,0,1,0,0,0,0,0,1,668.0,99.0,6.0,5241600.0,2,66.85
1,0,0,0,0,0,0,0,0,1,0,0,1,0,0,0,0,0,1,0,0,0,1,110.0,14.0,1.0,3588480.0,1,5.35
1,0,0,0,0,0,0,0,0,1,0,0,1,0,0,0,0,0,1,0,0,0,1,36.0,1.0,1.0,3451680.0,1,0.3
1,0,0,0,0,0,0,0,0,1,0,1,0,0,0,0,1,0,0,0,0,0,1,300.0,45.0,3.0,2064960.0,2,48.325
0,1,0,0,0,0,0,0,1,0,1,0,0,0,0,0,0,0,1,0,0,0,1,350.0,45.0,1.0,2350080.0,2,63.665134
0,1,0,1,0,0,0,0,0,0,0,0,0,1,0,0,1,0,0,0,1,0,0,100.0,80.0,15.0,3725280.0,3,236.141762
0,1,0,0,0,1,0,0,0,0,0,0,0,1,0,0,0,0,1,0,0,0,1,250.0,60.0,6.0,3900960.0,2,75.503065
0,1,0,0,0,1,0,0,0,0,0,1,0,0,0,0,0,1,0,0,0,0,1,530.0,48.0,10.0,2472480.0,1,19.555556
0,1,0,1,0,0,0,0,0,0,0,0,0,0,1,0,1,0,0,0,0,1,0,200.0,40.0,1.0,2779200.0,3,192.35249
0,1,0,0,0,1,0,0,0,0,0,0,0,1,0,0,0,0,1,0,0,0,1,140.0,25.0,2.0,2707200.0,3,136.256705
1,0,0,0,0,0,1,0,0,0,0,0,0,0,1,0,0,0,1,0,0,0,1,24.0,1.0,1.0,1114560.0,1,14.835249
0,1,0,1,0,0,0,0,0,0,0,0,0,1,0,0,0,0,1,0,0,0,1,60.0,50.0,10.0,1252800.0,2,64.56705
0,1,0,1,0,0,0,0,0,0,0,0,0,1,0,0,0,0,1,0,0,0,1,50.0,10.0,4.0,1252800.0,3,103.003831
1,0,0,1,0,0,0,0,0,0,0,0,0,0,1,0,0,0,1,0,0,0,1,500.0,120.0,15.0,1416960.0,2,63.302682
0,1,0,1,0,0,0,0,0,0,0,0,0,1,0,0,1,0,0,0,1,0,0,800.0,200.0,20.0,4255200.0,3,278.877394
0,1,0,1,0,0,0,0,0,0,0,0,0,1,0,0,0,0,1,0,0,0,1,42.0,15.0,8.0,3283200.0,3,220.38927200000003
0,1,0,1,0,0,0,0,0,0,0,0,0,1,0,0,0,0,1,0,0,0,1,20.0,40.0,10.0,1252800.0,2,64.56705
0,0,1,0,0,0,0,0,1,0,1,0,0,0,0,0,0,0,1,0,0,0,1,200.0,40.0,1.0,2629440.0,1,2.444444
0,1,0,0,0,0,0,0,0,1,0,0,0,1,0,0,1,0,0,0,0,0,1,250.0,50.0,50.0,5882400.0,3,120.578161
0,1,0,1,0,0,0,0,0,0,0,0,0,0,1,0,0,0,1,0,0,0,1,200.0,40.0,1.0,2001600.0,3,146.835249
1,0,0,0,0,0,1,0,0,0,0,0,0,0,1,0,1,0,0,1,0,0,0,750.0,100.0,15.0,2024640.0,3,148.183908
0,1,0,1,0,0,0,0,0,0,0,1,0,0,0,0,0,1,0,0,0,0,1,600.0,180.0,3.0,1870560.0,2,34.896552
1,0,0,0,0,0,1,0,0,0,0,0,0,0,1,0,1,0,0,1,0,0,0,1125.0,200.0,30.0,2005920.0,3,147.088122
0,1,0,0,0,0,0,0,0,1,0,0,0,1,0,0,1,0,0,0,0,0,1,103.0,40.0,5.0,2727360.0,2,54.85
0,1,0,1,0,0,0,0,0,0,0,0,0,0,1,0,0,0,1,0,0,0,1,200.0,40.0,1.0,1735200.0,3,131.241379
0,1,0,1,0,0,0,0,0,0,0,0,0,1,0,0,1,0,0,0,1,0,0,400.0,100.0,15.0,4128480.0,3,103.045977
0,1,0,1,0,0,0,0,0,0,0,0,0,1,0,0,0,0,1,0,0,0,1,38.0,1.0,1.0,806400.0,1,14.835249
0,1,0,1,0,0,0,0,0,0,0,1,0,0,0,0,0,1,0,0,0,0,1,600.0,24.0,1.0,1307520.0,2,53.123851
0,1,0,1,0,0,0,0,0,0,0,0,0,1,0,0,1,0,0,0,1,0,0,500.0,230.0,25.0,3445920.0,3,160.069348
0,1,0,1,0,0,0,0,0,0,0,0,0,0,1,0,1,0,0,0,0,1,0,42.0,30.0,7.0,2738880.0,2,77.15
0,1,0,1,0,0,0,0,0,0,0,0,0,1,0,0,0,0,1,0,0,0,1,160.0,30.0,4.0,3160800.0,3,248.380612
0,1,0,0,1,0,0,0,0,0,0,0,0,1,0,0,1,0,0,0,0,0,1,132.0,61.0,13.0,2063520.0,1,1.812261
1,0,0,1,0,0,0,0,0,0,0,0,0,0,1,0,0,0,1,0,0,0,1,500.0,120.0,15.0,1205280.0,2,57.10728
0,1,0,0,0,0,0,0,0,1,0,0,0,1,0,0,1,0,0,0,0,0,1,244.0,140.0,29.0,3329280.0,3,176.47931
0,1,0,1,0,0,0,0,0,0,0,0,0,1,0,0,0,0,1,0,0,0,1,200.0,50.0,10.0,3346560.0,3,146.076628
0,1,0,1,0,0,0,0,0,0,0,0,0,1,0,0,0,0,1,0,0,0,1,250.0,50.0,1.0,7224480.0,3,363.819922
0,1,0,1,0,0,0,0,0,0,0,1,0,0,0,0,0,1,0,0,0,0,1,450.0,10.0,1.0,2262240.0,2,33.885057
0,1,0,1,0,0,0,0,0,0,0,0,0,0,1,0,0,0,1,0,0,0,1,58.0,1.0,1.0,1192320.0,2,24.191571
0,0,1,0,0,0,0,0,1,0,1,0,0,0,0,0,0,0,1,0,0,0,1,50.0,10.0,1.0,2623680.0,2,24.444444
0,1,0,1,0,0,0,0,0,0,0,0,0,1,0,0,1,0,0,0,1,0,0,200.0,40.0,15.0,2957760.0,3,202.804597
1,0,0,1,0,0,0,0,0,0,0,0,1,0,0,0,0,0,1,0,0,0,1,200.0,40.0,1.0,1252800.0,3,103.003831
0,1,0,1,0,0,0,0,0,0,0,0,0,1,0,0,1,0,0,0,1,0,0,1000.0,300.0,30.0,2972160.0,3,127.287739
0,1,0,1,0,0,0,0,0,0,0,0,0,1,0,0,1,0,0,0,1,0,0,28.0,1.0,1.0,992160.0,2,24.0
1,0,0,0,0,1,0,0,0,0,0,0,1,0,0,0,1,0,0,0,0,0,1,89.0,26.0,5.0,2034720.0,2,57.3
1,0,0,1,0,0,0,0,0,0,0,0,1,0,0,0,0,0,1,0,0,0,1,629.0,78.0,15.0,3080160.0,1,1.5
0,1,0,1,0,0,0,0,0,0,0,1,0,0,0,0,1,0,0,0,0,0,1,50.0,1.0,1.0,1346400.0,3,134.5
0,1,0,1,0,0,0,0,0,0,0,0,0,0,1,0,0,0,1,0,0,0,1,24.0,1.0,1.0,924480.0,2,22.6875
1,0,0,0,0,0,0,0,0,1,0,0,1,0,0,0,0,0,1,0,0,0,1,400.0,30.0,1.0,3600000.0,2,23.0
0,1,0,1,0,0,0,0,0,0,0,0,0,0,1,0,0,0,1,0,0,0,1,200.0,50.0,20.0,5342400.0,1,0.8
0,1,0,1,0,0,0,0,0,0,0,0,0,1,0,0,0,0,1,0,0,0,1,200.0,40.0,1.0,1350720.0,2,47.53125
0,1,0,1,0,0,0,0,0,0,0,0,0,0,1,0,0,0,1,0,0,0,1,24.0,1.0,1.0,1370880.0,2,22.875
0,1,0,1,0,0,0,0,0,0,0,0,0,1,0,0,0,0,1,0,0,0,1,504.0,45.0,6.0,2639520.0,1,1.6
1,0,0,0,0,0,1,0,0,0,0,0,0,0,1,0,1,0,0,1,0,0,0,200.0,30.0,7.0,1549440.0,2,29.4
0,1,0,1,0,0,0,0,0,0,0,0,0,1,0,0,1,0,0,0,1,0,0,22.0,1.0,1.0,1236960.0,2,88.5
0,1,0,1,0,0,0,0,0,0,0,0,0,0,1,0,0,0,1,0,0,0,1,200.0,40.0,1.0,1019520.0,1,1.0
1,0,0,1,0,0,0,0,0,0,0,0,1,0,0,0,0,0,1,0,0,0,1,36.0,1.0,1.0,1663200.0,2,77.0
0,0,1,1,0,0,0,0,0,0,0,0,0,0,1,0,0,0,1,0,0,0,1,210.0,25.0,4.0,2221920.0,2,23.375
0,1,0,1,0,0,0,0,0,0,0,0,0,0,1,0,1,0,0,0,0,0,1,30.0,10.0,5.0,3424320.0,1,11.75
0,1,0,1,0,0,0,0,0,0,0,0,0,1,0,0,1,0,0,0,1,0,0,24.0,3.0,1.0,1149120.0,1,1.5
0,1,0,1,0,0,0,0,0,0,0,0,0,0,1,0,0,0,1,0,0,0,1,276.0,50.0,10.0,2773440.0,3,184.0375
1,0,0,1,0,0,0,0,0,0,0,0,0,0,1,0,1,0,0,1,0,0,0,24.0,1.0,1.0,946080.0,1,13.45
0,1,0,1,0,0,0,0,0,0,0,0,0,0,1,0,0,0,1,0,0,0,1,28.0,1.0,1.0,1139040.0,2,31.175
1,0,0,1,0,0,0,0,0,0,0,0,1,0,0,0,0,0,1,0,0,0,1,195.0,38.0,6.0,2244960.0,2,82.25
0,1,0,1,0,0,0,0,0,0,0,0,0,0,1,0,1,0,0,0,0,1,0,200.0,40.0,10.0,1648800.0,2,25.875
1,0,0,1,0,0,0,0,0,0,0,0,0,0,1,0,1,0,0,1,0,0,0,24.0,1.0,1.0,1164960.0,1,0.6
1,0,0,0,0,0,1,0,0,0,0,0,0,0,1,0,1,0,0,1,0,0,0,150.0,87.0,15.0,2672640.0,2,74.415
0,1,0,1,0,0,0,0,0,0,0,1,0,0,0,0,0,0,1,0,0,0,1,200.0,200.0,6.0,1451520.0,1,1.15
0,1,0,1,0,0,0,0,0,0,0,0,0,0,1,0,1,0,0,0,0,1,0,12.0,1.0,1.0,937440.0,2,95.25
1,0,0,1,0,0,0,0,0,0,0,0,1,0,0,0,0,0,1,0,0,0,1,1045.5,162.0,14.0,4099680.0,1,12.75
0,1,0,1,0,0,0,0,0,0,0,0,0,0,1,0,0,0,1,0,0,0,1,16.0,10.0,1.0,2301120.0,2,32.3125
1,0,0,0,0,0,0,0,0,1,0,0,1,0,0,0,0,0,1,0,0,0,1,320.0,30.0,1.0,3600000.0,1,15.1
0,1,0,1,0,0,0,0,0,0,0,0,0,1,0,0,1,0,0,0,1,0,0,12.0,1.0,1.0,1192320.0,2,27.0
0,1,0,1,0,0,0,0,0,0,0,0,0,1,0,0,0,0,1,0,0,0,1,200.0,40.0,1.0,3813120.0,2,21.28
1,0,0,1,0,0,0,0,0,0,0,0,1,0,0,0,0,0,1,0,0,0,1,240.0,99.0,14.0,2740320.0,1,1.55
1,0,0,1,0,0,0,0,0,0,0,0,1,0,0,0,0,0,1,0,0,0,1,490.0,90.0,11.0,2167200.0,1,1.8
1,0,0,1,0,0,0,0,0,0,0,0,1,0,0,0,0,0,1,0,0,0,1,743.0,83.0,11.0,2388960.0,1,5.15
1,0,0,1,0,0,0,0,0,0,0,0,1,0,0,0,0,0,1,0,0,0,1,1120.0,190.0,13.0,2943360.0,1,1.35
1,0,0,1,0,0,0,0,0,0,0,0,1,0,0,0,0,0,1,0,0,0,1,300.0,95.0,14.0,2741760.0,1,1.55
1,0,0,1,0,0,0,0,0,0,0,0,1,0,0,0,0,0,1,0,0,0,1,490.0,90.0,11.0,2193120.0,1,1.8
1,0,0,1,0,0,0,0,0,0,0,0,1,0,0,0,0,0,1,0,0,0,1,840.0,152.0,14.0,2645280.0,1,1.55
0,1,0,0,0,0,0,1,0,0,0,0,0,0,0,1,1,0,0,0,0,0,1,340.0,15.0,1.0,2774880.0,3,219.59
0,1,0,0,0,0,0,1,0,0,0,0,0,0,0,1,1,0,0,0,0,0,1,340.0,12.0,1.0,3327840.0,3,282.8625
0,1,0,0,1,0,0,0,0,0,1,0,0,0,0,0,1,0,0,0,0,0,1,700.0,50.0,1.0,2574720.0,2,80.02
0,1,0,0,1,0,0,0,0,0,1,0,0,0,0,0,1,0,0,0,0,0,1,700.0,30.0,1.0,2547360.0,2,61.89
0,1,0,0,0,0,0,1,0,0,0,0,0,0,0,1,0,0,1,0,0,0,1,700.0,30.0,1.0,2810880.0,3,129.46200000000002
0,1,0,0,0,0,0,1,0,0,0,0,0,0,0,1,1,0,0,0,0,0,1,5.0,2.0,1.0,900000.0,1,4.6339999999999995
0,1,0,0,1,0,0,0,0,0,1,0,0,0,0,0,1,0,0,0,0,0,1,266.0,29.0,1.0,2083680.0,3,396.9845
0,1,0,1,0,0,0,0,0,0,0,0,0,1,0,0,1,0,0,0,1,0,0,400.0,200.0,19.0,3119040.0,1,18.23
0,1,0,1,0,0,0,0,0,0,0,0,0,0,1,0,0,0,1,0,0,0,1,250.0,10.0,5.0,2639520.0,1,3.8760000000000003
0,1,0,0,0,0,0,0,1,0,1,0,0,0,0,0,1,0,0,0,0,0,1,80.0,20.0,1.0,2462400.0,2,56.5
0,1,0,0,0,0,0,0,1,0,1,0,0,0,0,0,1,0,0,0,0,0,1,200.0,100.0,1.0,1909440.0,1,12.35
0,1,0,1,0,0,0,0,0,0,0,0,0,1,0,0,1,0,0,0,0,0,1,40.0,4.0,1.0,1091520.0,1,11.04
1,0,0,0,0,0,0,0,0,1,0,0,1,0,0,0,0,0,1,0,0,0,1,60.0,23.0,10.0,1478880.0,1,18.721
1,0,0,1,0,0,0,0,0,0,0,0,1,0,0,0,0,0,1,0,0,0,1,240.0,30.0,5.0,1605600.0,1,14.455
0,1,0,0,1,0,0,0,0,0,1,0,0,0,0,0,1,0,0,0,0,0,1,74.0,15.0,1.0,2005920.0,1,15.35
1,0,0,0,0,0,0,0,1,0,1,0,0,0,0,0,1,0,0,0,0,0,1,150.0,20.0,1.0,1978560.0,2,20.125
0,1,0,0,0,1,0,0,0,0,1,0,0,0,0,0,1,0,0,0,0,0,1,100.0,28.0,6.0,2512800.0,1,0.5
0,1,0,1,0,0,0,0,0,0,0,0,0,0,1,0,1,0,0,0,0,1,0,34.0,24.0,10.0,2626560.0,1,10.545
1,0,0,0,0,0,0,0,0,1,0,0,1,0,0,0,0,0,1,0,0,0,1,500.0,20.0,1.0,2556000.0,1,7.125
1,0,0,1,0,0,0,0,0,0,0,0,1,0,0,0,0,0,1,0,0,0,1,285.0,100.0,10.0,2077920.0,1,15.795
0,1,0,1,0,0,0,0,0,0,0,1,0,0,0,0,1,0,0,0,0,0,1,199.0,22.0,7.0,5135040.0,2,88.625
1,0,0,1,0,0,0,0,0,0,0,0,1,0,0,0,0,0,1,0,0,0,1,260.0,60.0,1.0,1830240.0,1,2.385
1,0,0,0,0,1,0,0,0,0,0,0,1,0,0,0,1,0,0,0,0,0,1,300.0,85.0,10.0,2780640.0,1,17.985
1,0,0,0,0,0,0,0,0,1,0,0,1,0,0,0,0,0,1,0,0,0,1,200.0,65.0,9.0,5497920.0,1,19.92
1,0,0,0,0,1,0,0,0,0,0,0,1,0,0,0,1,0,0,0,0,0,1,100.0,1.0,1.0,1421280.0,1,4.5
1,0,0,0,0,0,0,0,0,1,0,0,1,0,0,0,1,0,0,0,0,0,1,3121.0,104.0,1.0,7068960.0,1,0.06
0,1,0,0,0,1,0,0,0,0,0,1,0,0,0,0,0,1,0,0,0,0,1,1500.0,100.0,8.0,2276640.0,1,2.07
1,0,0,1,0,0,0,0,0,0,0,0,1,0,0,0,0,0,1,0,0,0,1,285.0,53.0,10.0,3219840.0,1,11.84
0,1,0,0,1,0,0,0,0,0,0,0,0,0,0,1,1,0,0,0,0,0,1,100.0,15.0,5.0,2121120.0,1,8.0
1,0,0,0,0,0,1,0,0,0,1,0,0,0,0,0,1,0,0,0,0,0,1,187.0,25.0,1.0,3414240.0,1,10.0
1,0,0,0,0,0,0,0,1,0,1,0,0,0,0,0,1,0,0,0,0,0,1,1068.0,160.0,1.0,3800160.0,2,45.05
1,0,0,1,0,0,0,0,0,0,0,0,1,0,0,0,0,0,1,0,0,0,1,200.0,60.0,15.0,1834560.0,1,18.61
1,0,0,1,0,0,0,0,0,0,0,0,1,0,0,0,0,0,1,0,0,0,1,217.0,37.0,6.0,1556640.0,1,5.66
1,0,0,0,0,1,0,0,0,0,0,0,1,0,0,0,1,0,0,0,0,0,1,160.0,35.0,4.0,3291840.0,1,7.0
0,1,0,1,0,0,0,0,0,0,0,0,0,1,0,0,1,0,0,0,1,0,0,25.0,6.0,4.0,1620000.0,1,2.625
0,1,0,1,0,0,0,0,0,0,0,0,0,1,0,0,0,0,1,0,0,0,1,40.0,20.0,1.0,1424160.0,1,8.35
0,1,0,0,0,0,0,1,0,0,0,0,0,0,0,1,0,0,1,0,0,0,1,76.0,80.0,1.0,3359520.0,1,1.9
0,1,0,0,0,0,0,1,0,0,0,0,0,0,0,1,1,0,0,0,0,0,1,270.0,80.0,1.0,5921280.0,1,1.1
0,1,0,0,0,0,0,0,0,1,0,0,0,1,0,0,1,0,0,0,0,0,1,12.0,1.0,1.0,1501920.0,1,17.0
0,1,0,1,0,0,0,0,0,0,0,0,0,1,0,0,1,0,0,0,1,0,0,45.0,21.0,6.0,3098880.0,1,6.5
1,0,0,0,0,0,1,0,0,0,0,0,0,0,1,0,1,0,0,1,0,0,0,24.0,1.0,1.0,943200.0,1,11.4
0,1,0,1,0,0,0,0,0,0,1,0,0,0,0,0,1,0,0,0,0,0,1,100.0,10.0,1.0,2351520.0,1,4.895
1,0,0,1,0,0,0,0,0,0,0,1,0,0,0,0,0,0,1,0,0,0,1,500.0,50.0,4.0,2194560.0,1,5.9
1,0,0,0,0,0,1,0,0,0,0,0,0,0,1,0,1,0,0,1,0,0,0,6.0,5.0,4.0,2191680.0,1,1.877149
0,1,0,1,0,0,0,0,0,0,0,0,0,1,0,0,1,0,0,0,0,0,1,20.0,3.0,1.0,1761120.0,1,1.8
0,1,0,1,0,0,0,0,0,0,0,0,0,0,1,0,0,0,1,0,0,0,1,8.0,1.0,1.0,937440.0,1,0.5
1,0,0,0,0,1,0,0,0,0,0,0,1,0,0,0,1,0,0,0,0,0,1,200.0,40.0,1.0,2099520.0,1,9.5
0,1,0,1,0,0,0,0,0,0,0,0,0,1,0,0,0,0,1,0,0,0,1,24.0,1.0,1.0,839520.0,2,61.1
0,1,0,1,0,0,0,0,0,0,0,0,0,1,0,0,1,0,0,0,1,0,0,33.0,2.0,1.0,3124800.0,1,19.0
1,0,0,1,0,0,0,0,0,0,0,0,0,0,1,0,1,0,0,1,0,0,0,24.0,1.0,1.0,892800.0,3,114.45
0,1,0,1,0,0,0,0,0,0,0,0,0,1,0,0,0,0,1,0,0,0,1,10.0,8.0,1.0,1497600.0,1,7.1
0,1,0,1,0,0,0,0,0,0,0,0,0,1,0,0,0,0,1,0,0,0,1,12.0,1.0,1.0,2341440.0,1,1.9
1,0,0,0,0,0,0,0,0,1,0,0,1,0,0,0,1,0,0,0,0,0,1,20.0,6.0,1.0,2278080.0,2,24.65
1,0,0,0,0,0,0,0,0,1,0,0,1,0,0,0,0,0,1,0,0,0,1,200.0,40.0,1.0,2018880.0,1,7.0
0,1,0,1,0,0,0,0,0,0,0,0,0,1,0,0,1,0,0,0,0,0,1,30.0,1.0,1.0,3471840.0,1,19.0
1,0,0,0,0,0,0,0,0,1,0,0,1,0,0,0,1,0,0,0,0,0,1,20.0,6.0,1.0,2118240.0,2,26.225
0,1,0,0,0,0,0,1,0,0,0,0,0,0,0,1,1,0,0,0,0,0,1,24.0,1.0,1.0,2239200.0,1,3.0
0,1,0,1,0,0,0,0,0,0,0,0,0,0,1,0,0,0,1,0,0,0,1,40.0,1.0,1.0,1031040.0,2,33.8
1,0,0,1,0,0,0,0,0,0,0,0,0,0,1,0,1,0,0,1,0,0,0,80.0,44.0,10.0,1440000.0,1,8.0
1,0,0,1,0,0,0,0,0,0,0,0,1,0,0,0,0,0,1,0,0,0,1,24.0,1.0,1.0,1202400.0,2,23.0
0,1,0,1,0,0,0,0,0,0,0,0,0,1,0,0,1,0,0,0,0,0,1,30.0,1.0,1.0,3369600.0,1,8.5
0,1,0,0,0,0,0,1,0,0,0,0,0,0,0,1,0,0,1,0,0,0,1,82.0,30.0,1.0,2509920.0,2,35.6875
0,1,0,0,0,0,0,0,1,0,0,1,0,0,0,0,0,1,0,0,0,0,1,600.0,30.0,1.0,2983680.0,1,8.1
0,1,0,0,0,0,0,1,0,0,0,0,0,0,0,1,1,0,0,0,0,0,1,200.0,30.0,1.0,2818080.0,1,2.9
0,1,0,0,0,0,0,0,1,0,1,0,0,0,0,0,0,1,0,0,0,0,1,200.0,40.0,1.0,3268800.0,1,4.0
1,0,0,0,0,1,0,0,0,0,1,0,0,0,0,0,1,0,0,0,0,0,1,1360.0,140.0,10.0,3961440.0,1,3.0
1,0,0,1,0,0,0,0,0,0,0,0,0,0,1,0,0,0,1,0,0,0,1,90.0,1.0,1.0,1229760.0,1,8.4
1,0,0,0,0,0,0,0,0,1,0,0,1,0,0,0,1,0,0,0,0,0,1,200.0,1.0,1.0,5328000.0,1,1.47
1,0,0,0,0,0,1,0,0,0,0,0,0,0,1,0,1,0,0,1,0,0,0,1008.0,260.0,30.0,2806560.0,1,0.05
1,0,0,0,0,0,0,0,0,1,0,0,1,0,0,0,0,0,1,0,0,0,1,102.0,14.0,5.0,2286720.0,2,39.8
1,0,0,0,0,0,1,0,0,0,0,0,0,0,1,0,0,0,1,0,0,0,1,46.0,2.0,2.0,1283040.0,3,157.775
1,0,0,1,0,0,0,0,0,0,0,0,0,0,1,0,1,0,0,1,0,0,0,36.0,1.0,1.0,933120.0,1,0.5
1,0,0,0,0,1,0,0,0,0,0,0,1,0,0,0,0,0,1,0,0,0,1,559.0,70.0,9.0,2599200.0,1,7.95
1,0,0,0,0,0,0,0,0,1,0,0,1,0,0,0,1,0,0,0,0,0,1,20.0,12.0,4.0,1945440.0,1,4.6
1,0,0,0,0,0,0,0,0,1,0,0,1,0,0,0,1,0,0,0,0,0,1,16.0,12.0,4.0,1627200.0,1,4.85
1,0,0,0,0,0,1,0,0,0,0,0,0,0,1,0,1,0,0,1,0,0,0,36.0,1.0,1.0,933120.0,2,21.25
1,0,0,0,0,0,1,0,0,0,0,0,0,0,1,0,1,0,0,1,0,0,0,6.0,7.0,4.0,1490400.0,1,1.875
1,0,0,0,0,0,1,0,0,0,0,0,0,0,1,0,1,0,0,1,0,0,0,57.0,1.0,1.0,1008000.0,2,28.575
0,1,0,1,0,0,0,0,0,0,0,0,0,0,1,0,1,0,0,0,0,0,1,8.0,1.0,1.0,927360.0,1,3.1
0,1,0,1,0,0,0,0,0,0,0,0,0,1,0,0,1,0,0,0,1,0,0,32.0,1.0,1.0,845280.0,1,0.2
1,0,0,0,0,0,0,0,0,1,0,0,1,0,0,0,1,0,0,0,0,0,1,15.0,10.0,5.0,1877760.0,3,149.31681
1,0,0,1,0,0,0,0,0,0,0,0,0,0,1,0,1,0,0,1,0,0,0,24.0,1.0,1.0,779040.0,2,62.301724
0,1,0,1,0,0,0,0,0,0,0,0,0,1,0,0,0,0,1,0,0,0,1,12.0,1.0,1.0,1284480.0,2,43.114224
1,0,0,1,0,0,0,0,0,0,0,0,1,0,0,0,0,0,1,0,0,0,1,60.0,34.0,9.0,1755360.0,3,222.543079
1,0,0,0,0,0,0,0,0,1,0,0,1,0,0,0,0,0,1,0,0,0,1,50.0,20.0,8.0,1169280.0,2,41.975
0,1,0,1,0,0,0,0,0,0,0,0,0,0,1,0,1,0,0,0,0,0,1,24.0,1.0,1.0,1296000.0,1,0.5
1,0,0,0,0,0,1,0,0,0,0,0,0,0,1,0,0,0,1,0,0,0,1,36.0,1.0,1.0,2168640.0,1,5.59375
0,1,0,1,0,0,0,0,0,0,0,0,0,0,1,0,0,0,1,0,0,0,1,8.0,1.0,1.0,813600.0,2,36.1875
0,1,0,1,0,0,0,0,0,0,0,0,0,0,1,0,1,0,0,0,0,1,0,57.0,39.0,13.0,2144160.0,2,31.9
1,0,0,1,0,0,0,0,0,0,0,0,0,0,1,0,1,0,0,1,0,0,0,40.0,8.0,4.0,1353600.0,3,215.869731
0,0,1,1,0,0,0,0,0,0,0,0,0,0,1,0,1,0,0,0,0,0,1,5.0,1.0,1.0,976320.0,1,17.375
1,0,0,0,0,0,0,0,0,1,0,0,1,0,0,0,1,0,0,0,0,0,1,24.0,1.0,1.0,2008800.0,1,0.25
0,1,0,1,0,0,0,0,0,0,0,0,0,1,0,0,1,0,0,0,1,0,0,40.0,1.0,1.0,915840.0,2,71.394636
0,1,0,1,0,0,0,0,0,0,0,0,0,1,0,0,0,0,1,0,0,0,1,24.0,1.0,1.0,915840.0,2,61.363985
1,0,0,1,0,0,0,0,0,0,0,0,0,0,1,0,1,0,0,0,0,0,1,24.0,1.0,1.0,976320.0,2,99.78125
1,0,0,1,0,0,0,0,0,0,0,0,0,0,1,0,1,0,0,0,0,0,1,24.0,1.0,1.0,849600.0,2,53.903486
1,0,0,0,0,1,0,0,0,0,0,0,1,0,0,0,0,0,1,0,0,0,1,10.0,1.0,1.0,1291680.0,1,3.25
0,1,0,1,0,0,0,0,0,0,0,0,0,1,0,0,1,0,0,0,1,0,0,24.0,1.0,1.0,959040.0,2,57.870929
1,0,0,0,0,0,1,0,0,0,0,0,0,0,1,0,0,0,1,0,0,0,1,28.0,1.0,1.0,1117440.0,2,69.53125
0,1,0,1,0,0,0,0,0,0,0,0,0,1,0,0,1,0,0,0,1,0,0,28.0,1.0,1.0,943200.0,2,57.318008
0,1,0,1,0,0,0,0,0,0,0,0,0,1,0,0,1,0,0,0,1,0,0,28.0,1.0,1.0,830880.0,2,49.90038300000001
0,1,0,0,0,0,0,0,0,1,0,1,0,0,0,0,0,0,1,0,0,0,1,200.0,40.0,1.0,1065600.0,1,0.625
0,1,0,1,0,0,0,0,0,0,0,0,0,1,0,0,1,0,0,0,1,0,0,50.0,1.0,1.0,1126080.0,2,76.03965500000002
0,1,0,1,0,0,0,0,0,0,0,0,0,0,1,0,1,0,0,0,0,0,1,18.0,1.0,1.0,864000.0,1,1.375
1,0,0,1,0,0,0,0,0,0,0,0,0,0,1,0,1,0,0,1,0,0,0,56.0,1.0,1.0,1248480.0,2,64.988146
0,1,0,1,0,0,0,0,0,0,0,0,0,1,0,0,1,0,0,0,1,0,0,50.0,1.0,1.0,1039680.0,1,2.025
1,0,0,0,0,0,1,0,0,0,0,0,0,0,1,0,1,0,0,1,0,0,0,20.0,10.0,6.0,1670400.0,2,30.6125
1,0,0,0,0,0,0,0,0,1,0,0,1,0,0,0,1,0,0,0,0,0,1,1048.0,230.0,7.0,1802880.0,1,3.875
1,0,0,1,0,0,0,0,0,0,0,0,0,0,1,0,1,0,0,0,0,1,0,24.0,1.0,1.0,1143360.0,2,63.134099
0,1,0,1,0,0,0,0,0,0,0,0,0,1,0,0,1,0,0,0,1,0,0,24.0,2.0,1.0,1075680.0,2,95.013194
0,1,0,1,0,0,0,0,0,0,0,0,0,1,0,0,1,0,0,0,1,0,0,24.0,1.0,1.0,1064160.0,1,18.375
1,0,0,0,0,0,1,0,0,0,0,0,0,0,1,0,1,0,0,1,0,0,0,90.0,17.0,5.0,2014560.0,3,165.98625
0,1,0,1,0,0,0,0,0,0,0,0,0,1,0,0,1,0,0,0,1,0,0,52.0,1.0,1.0,1033920.0,2,55.876197
1,0,0,1,0,0,0,0,0,0,0,0,0,0,1,0,1,0,0,0,0,1,0,80.0,1.0,1.0,3432960.0,2,85.122845
1,0,0,0,0,0,1,0,0,0,0,0,0,0,1,0,0,0,1,0,0,0,1,80.0,1.0,1.0,1323360.0,3,103.03125
0,1,0,1,0,0,0,0,0,0,0,0,0,1,0,0,1,0,0,0,1,0,0,28.0,1.0,1.0,879840.0,2,57.318008
0,1,0,1,0,0,0,0,0,0,0,0,0,0,1,0,0,0,1,0,0,0,1,76.0,4.0,1.0,1537920.0,1,2.6375
0,1,0,1,0,0,0,0,0,0,0,0,0,1,0,0,1,0,0,0,1,0,0,28.0,2.0,2.0,989280.0,2,64.646911
1,0,0,0,0,0,1,0,0,0,0,0,0,0,1,0,1,0,0,1,0,0,0,10.0,1.0,1.0,1981440.0,1,0.375
0,1,0,1,0,0,0,0,0,0,0,0,0,0,1,0,1,0,0,0,0,1,0,36.0,1.0,1.0,1262880.0,3,125.95
0,1,0,1,0,0,0,0,0,0,0,0,0,0,1,0,1,0,0,0,0,1,0,40.0,20.0,7.0,1304640.0,3,145.19156999999996
0,1,0,0,0,0,0,1,0,0,0,0,0,0,0,1,0,0,1,0,0,0,1,26.0,1.0,1.0,747360.0,1,1.375
0,1,0,1,0,0,0,0,0,0,0,0,0,1,0,0,0,0,1,0,0,0,1,36.0,1.0,1.0,855360.0,1,0.75
0,1,0,1,0,0,0,0,0,0,0,0,0,0,1,0,0,0,1,0,0,0,1,24.0,1.0,1.0,840960.0,2,61.86973199999999
1,0,0,0,0,0,1,0,0,0,0,0,0,0,1,0,0,0,1,0,0,0,1,24.0,1.0,1.0,1945440.0,3,246.13026800000003
1,0,0,1,0,0,0,0,0,0,0,0,1,0,0,0,0,0,1,0,0,0,1,43.0,9.0,4.0,1666080.0,1,6.574713
1,0,0,0,0,0,1,0,0,0,0,0,0,0,1,0,1,0,0,1,0,0,0,20.0,1.0,1.0,947520.0,2,27.225
0,1,0,1,0,0,0,0,0,0,0,0,0,1,0,0,1,0,0,0,1,0,0,28.0,1.0,1.0,855360.0,2,43.679789
0,1,0,1,0,0,0,0,0,0,0,0,0,1,0,0,0,0,1,0,0,0,1,32.0,1.0,1.0,964800.0,2,45.49413300000001
0,1,0,0,0,0,0,0,0,1,0,0,0,1,0,0,1,0,0,0,0,0,1,52.0,1.0,1.0,1172160.0,2,52.175
1,0,0,1,0,0,0,0,0,0,0,0,0,0,1,0,1,0,0,1,0,0,0,12.0,1.0,1.0,455040.0,2,48.1875
0,1,0,0,0,0,0,0,0,1,0,0,0,1,0,0,1,0,0,0,0,0,1,48.0,2.0,1.0,1031040.0,1,6.25
0,1,0,0,0,0,0,0,0,1,0,0,0,1,0,0,1,0,0,0,0,0,1,50.0,1.0,1.0,849600.0,2,32.0
0,1,0,0,0,0,0,1,0,0,0,0,0,0,0,1,1,0,0,0,0,0,1,398.0,82.0,1.0,4021920.0,1,1.0
1,0,0,0,0,1,0,0,0,0,0,0,1,0,0,0,0,0,1,0,0,0,1,160.0,45.0,2.0,3103200.0,3,169.67816000000005
1,0,0,0,0,1,0,0,0,0,0,0,1,0,0,0,0,0,1,0,0,0,1,227.0,23.0,4.0,2406240.0,1,17.954023
0,1,0,1,0,0,0,0,0,0,0,0,0,1,0,0,1,0,0,0,0,0,1,24.0,1.0,1.0,3180960.0,1,4.7
1,0,0,0,0,0,0,0,0,1,0,0,1,0,0,0,1,0,0,0,0,0,1,402.0,71.0,7.0,4475520.0,1,4.45
1,0,0,0,0,0,0,0,0,1,0,0,1,0,0,0,1,0,0,0,0,0,1,194.0,50.0,5.0,2473920.0,1,0.97
1,0,0,0,1,0,0,0,0,0,1,0,0,0,0,0,1,0,0,0,0,0,1,150.0,10.0,1.0,3523680.0,1,13.8375
0,1,0,0,1,0,0,0,0,0,0,0,0,1,0,0,1,0,0,0,0,0,1,14.0,13.0,1.0,2448000.0,2,39.8375
0,1,0,0,1,0,0,0,0,0,1,0,0,0,0,0,1,0,0,0,0,0,1,200.0,40.0,4.0,3673440.0,1,10.5315
1,0,0,0,0,0,0,0,1,0,1,0,0,0,0,0,1,0,0,0,0,0,1,545.0,50.0,1.0,3320640.0,1,11.91875
0,1,0,0,0,0,0,0,0,1,0,0,0,1,0,0,1,0,0,0,0,0,1,1000.0,100.0,4.0,3160800.0,1,5.34375
0,1,0,0,0,0,0,1,0,0,1,0,0,0,0,0,0,0,1,0,0,0,1,3000.0,500.0,1.0,4034880.0,1,8.7
0,1,0,0,1,0,0,0,0,0,1,0,0,0,0,0,1,0,0,0,0,0,1,150.0,75.0,1.0,1823040.0,2,31.5
1,0,0,0,0,0,0,0,1,0,1,0,0,0,0,0,1,0,0,0,0,0,1,700.0,200.0,1.0,3061440.0,1,8.925
0,1,0,0,0,1,0,0,0,0,1,0,0,0,0,0,1,0,0,0,0,0,1,374.0,50.0,2.0,2282400.0,2,44.681000000000004
0,1,0,1,0,0,0,0,0,0,0,0,0,0,1,0,1,0,0,0,0,0,1,200.0,40.0,1.0,2105280.0,1,7.044
0,1,0,1,0,0,0,0,0,0,1,0,0,0,0,0,1,0,0,0,0,0,1,200.0,40.0,1.0,2155680.0,2,63.0705
0,1,0,1,0,0,0,0,0,0,0,0,0,1,0,0,1,0,0,0,0,0,1,9.0,5.0,1.0,2502720.0,1,1.0
0,1,0,0,0,0,0,0,1,0,1,0,0,0,0,0,1,0,0,0,0,0,1,200.0,40.0,1.0,969120.0,2,22.8
1,0,0,0,0,0,0,0,1,0,1,0,0,0,0,0,1,0,0,0,0,0,1,540.0,8.0,1.0,1268640.0,1,2.0
0,1,0,0,1,0,0,0,0,0,1,0,0,0,0,0,1,0,0,0,0,0,1,1082.0,40.0,1.0,2615040.0,1,3.28125
1,0,0,0,0,0,1,0,0,0,0,0,0,0,1,0,0,0,1,0,0,0,1,24.0,1.0,1.0,2947680.0,1,1.375
0,1,0,0,1,0,0,0,0,0,1,0,0,0,0,0,1,0,0,0,0,0,1,200.0,40.0,1.0,2946240.0,1,15.84375
0,1,0,0,0,0,0,1,0,0,0,0,0,0,0,1,1,0,0,0,0,0,1,200.0,200.0,1.0,9745920.0,2,40.95
0,1,0,0,0,0,0,0,1,0,1,0,0,0,0,0,1,0,0,0,0,0,1,550.0,150.0,1.0,2499840.0,1,9.95675
0,1,0,0,0,1,0,0,0,0,1,0,0,0,0,0,1,0,0,0,0,0,1,188.0,20.0,1.0,2233440.0,1,11.83125
0,1,0,0,0,0,0,1,0,0,1,0,0,0,0,0,0,0,1,0,0,0,1,300.0,100.0,1.0,3422880.0,1,2.5
1,0,0,0,0,0,0,0,0,1,0,0,1,0,0,0,0,0,1,0,0,0,1,2000.0,1.0,1.0,3725280.0,1,0.6875
0,1,0,0,0,1,0,0,0,0,1,0,0,0,0,0,1,0,0,0,0,0,1,400.0,40.0,5.0,1117440.0,2,29.405
0,1,0,0,1,0,0,0,0,0,0,0,0,1,0,0,1,0,0,0,0,0,1,106.0,47.0,15.0,2643840.0,2,79.26475
0,1,0,0,0,0,0,0,0,1,0,0,0,1,0,0,1,0,0,0,0,0,1,15.0,3.0,1.0,1876320.0,1,1.9375
1,0,0,0,0,0,0,0,1,0,1,0,0,0,0,0,1,0,0,0,0,0,1,120.0,55.0,2.0,2678400.0,1,7.90625
0,1,0,1,0,0,0,0,0,0,0,1,0,0,0,0,1,0,0,0,0,0,1,50.0,30.0,5.0,1127520.0,1,0.5
1,0,0,0,0,0,0,0,0,1,0,0,1,0,0,0,1,0,0,0,0,0,1,500.0,20.0,20.0,3093120.0,2,89.2375
1,0,0,0,0,0,0,0,1,0,1,0,0,0,0,0,1,0,0,0,0,0,1,200.0,40.0,2.0,2363040.0,1,9.0
1,0,0,0,0,0,0,0,0,1,0,0,1,0,0,0,0,0,1,0,0,0,1,1000.0,1.0,1.0,4658400.0,2,29.40625
0,1,0,0,0,1,0,0,0,0,0,0,0,1,0,0,0,0,1,0,0,0,1,14.0,1.0,1.0,1497600.0,1,2.25
1,0,0,1,0,0,0,0,0,0,1,0,0,0,0,0,1,0,0,0,0,0,1,678.0,104.0,5.0,2237760.0,2,71.3425
0,1,0,0,0,0,0,0,1,0,1,0,0,0,0,0,1,0,0,0,0,0,1,1000.0,65.0,1.0,3263040.0,1,2.625
0,1,0,0,0,0,0,0,0,1,0,0,0,1,0,0,1,0,0,0,0,0,1,50.0,15.0,1.0,845280.0,1,17.1
1,0,0,0,0,0,0,0,0,1,0,0,1,0,0,0,0,0,1,0,0,0,1,175.0,85.0,15.0,5480640.0,3,229.819923
1,0,0,0,0,0,0,0,0,1,0,0,1,0,0,0,0,0,1,0,0,0,1,126.0,12.0,1.0,3441600.0,1,2.459
1,0,0,0,0,0,0,0,0,1,0,0,1,0,0,0,0,0,1,0,0,0,1,2000.0,1.0,1.0,3859200.0,1,1.875
0,1,0,0,1,0,0,0,0,0,1,0,0,0,0,0,1,0,0,0,0,0,1,250.0,10.0,1.0,2720160.0,1,5.65
1,0,0,0,0,0,0,0,0,1,0,0,1,0,0,0,0,0,1,0,0,0,1,200.0,40.0,1.0,1252800.0,2,78.475096
1,0,0,0,0,1,0,0,0,0,0,0,1,0,0,0,1,0,0,0,0,0,1,40.0,6.0,1.0,3507840.0,2,49.0
1,0,0,0,0,0,0,0,0,1,0,0,1,0,0,0,1,0,0,0,0,0,1,200.0,70.0,3.0,3108960.0,1,3.625
1,0,0,0,0,0,0,0,0,1,0,0,1,0,0,0,0,0,1,0,0,0,1,150.0,50.0,15.0,2831040.0,3,110.75862
0,1,0,0,0,0,0,0,1,0,1,0,0,0,0,0,1,0,0,0,0,0,1,727.0,148.0,1.0,2525760.0,1,11.15
1,0,0,0,0,0,0,0,0,1,0,0,1,0,0,0,1,0,0,0,0,0,1,780.0,150.0,3.0,2645280.0,2,76.072797
1,0,0,0,0,0,0,0,0,1,0,0,1,0,0,0,1,0,0,0,0,0,1,780.0,150.0,3.0,1887840.0,2,53.735632
0,1,0,1,0,0,0,0,0,0,0,0,0,1,0,0,0,0,1,0,0,0,1,200.0,40.0,1.0,1641600.0,2,35.570881
1,0,0,1,0,0,0,0,0,0,0,0,1,0,0,0,0,0,1,0,0,0,1,100.0,90.0,4.0,1857600.0,1,1.15
1,0,0,1,0,0,0,0,0,0,0,0,1,0,0,0,0,0,1,0,0,0,1,390.0,124.0,10.0,2476800.0,1,7.41
1,0,0,0,0,0,1,0,0,0,0,0,0,0,1,0,0,0,1,0,0,0,1,30.0,20.0,8.0,1205280.0,1,3.197674
1,0,0,0,0,0,1,0,0,0,0,0,0,0,1,0,1,0,0,1,0,0,0,160.0,70.0,8.0,1563840.0,1,5.0
1,0,0,1,0,0,0,0,0,0,0,0,1,0,0,0,0,0,1,0,0,0,1,1080.0,150.0,20.0,2069280.0,2,21.123372
0,1,0,1,0,0,0,0,0,0,0,0,0,0,1,0,0,0,1,0,0,0,1,200.0,40.0,1.0,4404960.0,2,21.839847
1,0,0,0,0,0,0,0,0,1,0,0,1,0,0,0,0,0,1,0,0,0,1,1000.0,250.0,20.0,1843200.0,1,12.829119
1,0,0,0,0,0,1,0,0,0,0,0,0,0,1,0,0,0,1,0,0,0,1,200.0,40.0,1.0,3522240.0,1,19.31954
0,1,0,1,0,0,0,0,0,0,0,0,0,0,1,0,0,0,1,0,0,0,1,116.0,100.0,20.0,1275840.0,1,11.632184
1,0,0,1,0,0,0,0,0,0,0,0,0,0,1,0,1,0,0,0,0,0,1,800.0,130.0,18.0,4314240.0,2,20.870498
0,1,0,1,0,0,0,0,0,0,0,0,0,1,0,0,0,0,1,0,0,0,1,36.0,1.0,1.0,1015200.0,1,3.54023
0,0,1,1,0,0,0,0,0,0,0,0,0,0,1,0,0,0,1,0,0,0,1,24.0,1.0,1.0,849600.0,1,3.051341
1,0,0,0,0,0,0,0,0,1,0,0,1,0,0,0,0,0,1,0,0,0,1,1500.0,500.0,20.0,2201760.0,1,18.358621
0,1,0,1,0,0,0,0,0,0,0,0,0,1,0,0,1,0,0,0,1,0,0,28.0,1.0,1.0,851040.0,1,3.177778
0,1,0,1,0,0,0,0,0,0,0,0,0,0,1,0,0,0,1,0,0,0,1,24.0,1.0,1.0,849600.0,1,3.72567
0,1,0,1,0,0,0,0,0,0,0,0,0,1,0,0,0,0,1,0,0,0,1,200.0,40.0,1.0,2244960.0,2,21.291954
1,0,0,0,0,0,0,0,0,1,0,0,1,0,0,0,0,0,1,0,0,0,1,135.0,80.0,12.0,1761120.0,1,5.116475
0,1,0,0,0,0,0,0,0,1,0,0,0,1,0,0,1,0,0,0,0,0,1,36.0,7.0,3.0,1579680.0,1,6.79387
1,0,0,1,0,0,0,0,0,0,0,0,0,0,1,0,1,0,0,0,1,0,0,24.0,1.0,1.0,849600.0,1,3.72567
0,1,0,1,0,0,0,0,0,0,0,0,0,1,0,0,0,0,1,0,0,0,1,85.0,40.0,1.0,3041280.0,1,14.451724
0,1,0,0,0,0,0,0,0,1,0,0,0,1,0,0,0,0,1,0,0,0,1,200.0,40.0,1.0,1123200.0,1,1.896552
1,0,0,0,0,0,1,0,0,0,0,0,0,0,1,0,1,0,0,1,0,0,0,450.0,99.0,23.0,1686240.0,1,17.625287
0,1,0,1,0,0,0,0,0,0,0,0,0,1,0,0,1,0,0,0,1,0,0,500.0,100.0,25.0,2206080.0,1,13.874329
0,1,0,1,0,0,0,0,0,0,0,0,0,0,1,0,1,0,0,0,0,1,0,200.0,40.0,1.0,1051200.0,1,4.8551720000000005
0,1,0,0,0,0,0,0,0,1,0,0,0,1,0,0,1,0,0,0,0,0,1,75.0,40.0,1.0,1612800.0,1,16.032184
1,0,0,0,0,0,0,0,0,1,0,0,1,0,0,0,0,0,1,0,0,0,1,40.0,40.0,6.0,3327840.0,1,12.036782
0,1,0,0,0,0,0,1,0,0,1,0,0,0,0,0,0,0,1,0,0,0,1,300.0,100.0,1.0,3595680.0,1,6.928736
1,0,0,0,0,0,0,0,0,1,0,0,1,0,0,0,0,0,1,0,0,0,1,200.0,40.0,1.0,1287360.0,1,5.141762
1,0,0,1,0,0,0,0,0,0,0,0,0,0,1,0,1,0,0,0,0,1,0,200.0,40.0,1.0,1065600.0,1,4.695019
0,0,1,1,0,0,0,0,0,0,0,0,0,0,1,0,0,0,1,0,0,0,1,24.0,1.0,1.0,835200.0,1,3.042912
1,0,0,1,0,0,0,0,0,0,0,0,0,0,1,0,1,0,0,0,1,0,0,24.0,1.0,1.0,1097280.0,1,7.6873559999999985
0,1,0,0,0,0,0,1,0,0,1,0,0,0,0,0,0,0,1,0,0,0,1,150.0,75.0,1.0,3337920.0,1,11.168582
0,0,1,1,0,0,0,0,0,0,0,0,0,0,1,0,0,0,1,0,0,0,1,24.0,1.0,1.0,849600.0,1,3.72567
0,0,1,1,0,0,0,0,0,0,0,1,0,0,0,0,1,0,0,0,0,0,1,24.0,2.0,1.0,2093760.0,1,7.013027
0,1,0,1,0,0,0,0,0,0,0,0,0,1,0,0,0,0,1,0,0,0,1,16.0,1.0,1.0,849600.0,1,3.72567
1,0,0,0,0,0,0,0,0,1,0,0,1,0,0,0,0,0,1,0,0,0,1,200.0,40.0,1.0,1624320.0,1,7.485057
1,0,0,1,0,0,0,0,0,0,0,0,0,0,1,0,1,0,0,0,0,1,0,24.0,1.0,1.0,964800.0,1,4.11341
1,0,0,0,0,0,1,0,0,0,0,0,0,0,1,0,0,0,1,0,0,0,1,200.0,40.0,1.0,1252800.0,1,6.0352489999999985
1,0,0,1,0,0,0,0,0,0,0,1,0,0,0,0,0,0,1,0,0,0,1,200.0,40.0,1.0,2244960.0,1,4.374713
1,0,0,1,0,0,0,0,0,0,0,1,0,0,0,0,0,0,1,0,0,0,1,135.0,415.0,9.0,1350720.0,1,0.741762
1,0,0,0,0,0,1,0,0,0,0,0,0,0,1,0,0,0,1,0,0,0,1,200.0,40.0,1.0,1327680.0,1,6.473563
1,0,0,1,0,0,0,0,0,0,0,0,1,0,0,0,0,0,1,0,0,0,1,24.0,1.0,1.0,1775520.0,1,1.6268200000000002
1,0,0,0,0,1,0,0,0,0,0,0,1,0,0,0,0,0,1,0,0,0,1,130.0,50.0,8.0,1880640.0,1,17.827586
0,1,0,1,0,0,0,0,0,0,0,0,0,1,0,0,0,0,1,0,0,0,1,100.0,50.0,20.0,2419200.0,2,24.908046
1,0,0,0,0,0,1,0,0,0,0,0,0,0,1,0,1,0,0,1,0,0,0,200.0,80.0,15.0,3041280.0,2,32.502682
1,0,0,0,0,0,1,0,0,0,0,0,0,0,1,0,1,0,0,1,0,0,0,195.0,70.0,10.0,1581120.0,1,7.9570880000000015
1,0,0,1,0,0,0,0,0,0,0,0,0,0,1,0,1,0,0,0,0,0,1,400.0,70.0,5.0,3725280.0,2,36.582375
1,0,0,0,0,0,1,0,0,0,0,0,0,0,1,0,0,0,1,0,0,0,1,200.0,40.0,1.0,4423680.0,2,24.090421
1,0,0,0,0,0,1,0,0,0,0,0,0,0,1,0,1,0,0,1,0,0,0,24.0,1.0,1.0,885600.0,1,2.132567
1,0,0,1,0,0,0,0,0,0,0,0,1,0,0,0,0,0,1,0,0,0,1,850.0,140.0,12.0,2556000.0,2,26.821456
1,0,0,0,0,1,0,0,0,0,0,0,1,0,0,0,0,0,1,0,0,0,1,22.0,6.0,3.0,1516320.0,1,7.729502
1,0,0,0,0,0,0,0,0,1,0,0,1,0,0,0,0,0,1,0,0,0,1,180.0,80.0,12.0,1543680.0,1,3.970115
1,0,0,1,0,0,0,0,0,0,0,0,0,0,1,0,1,0,0,0,0,0,1,300.0,40.0,1.0,3846240.0,2,34.281226000000004
0,1,0,1,0,0,0,0,0,0,0,0,0,1,0,0,0,0,1,0,0,0,1,200.0,40.0,21.0,1755360.0,1,8.572414
0,1,0,1,0,0,0,0,0,0,0,0,0,1,0,0,1,0,0,0,1,0,0,24.0,3.0,3.0,977760.0,1,4.349425
1,0,0,0,0,0,1,0,0,0,0,0,0,0,1,0,0,0,1,0,0,0,1,24.0,1.0,1.0,1123200.0,1,5.327203
1,0,0,0,0,0,1,0,0,0,0,0,0,0,1,0,0,0,1,0,0,0,1,27.0,3.0,2.0,843840.0,1,2.469732
0,0,1,1,0,0,0,0,0,0,0,0,0,0,1,0,0,0,1,0,0,0,1,200.0,40.0,1.0,1252800.0,1,0.261303
1,0,0,1,0,0,0,0,0,0,0,0,0,0,1,0,1,0,0,0,1,0,0,200.0,40.0,1.0,1252800.0,1,6.0352489999999985
1,0,0,0,0,0,1,0,0,0,0,0,0,0,1,0,0,0,1,0,0,0,1,200.0,40.0,1.0,1533600.0,1,7.678927000000002
0,1,0,1,0,0,0,0,0,0,0,0,0,1,0,0,1,0,0,0,1,0,0,200.0,40.0,5.0,1563840.0,1,7.721073
1,0,0,0,0,1,0,0,0,0,0,0,1,0,0,0,0,0,1,0,0,0,1,200.0,40.0,1.0,3660480.0,1,15.661303
1,0,0,0,0,0,1,0,0,0,0,0,0,0,1,0,0,0,1,0,0,0,1,200.0,40.0,1.0,3219840.0,1,17.549425
1,0,0,1,0,0,0,0,0,0,0,0,0,0,1,0,0,0,1,0,0,0,1,200.0,40.0,1.0,1396800.0,1,3.026054
1,0,0,1,0,0,0,0,0,0,0,0,0,0,1,0,0,0,1,0,0,0,1,24.0,1.0,1.0,907200.0,1,2.44023
1,0,0,0,0,0,0,1,0,0,1,0,0,0,0,0,0,0,1,0,0,0,1,200.0,40.0,1.0,2905920.0,1,6.199617
1,0,0,0,0,0,1,0,0,0,0,0,0,0,1,0,1,0,0,1,0,0,0,24.0,1.0,1.0,1094400.0,1,5.158621
1,0,0,1,0,0,0,0,0,0,0,0,1,0,0,0,0,0,1,0,0,0,1,1050.0,200.0,15.0,3968640.0,2,20.592337
0,1,0,1,0,0,0,0,0,0,0,0,0,0,1,0,0,0,1,0,0,0,1,200.0,40.0,10.0,2203200.0,2,22.691188
1,0,0,0,0,0,1,0,0,0,0,0,0,0,1,0,0,0,1,0,0,0,1,200.0,40.0,1.0,4281120.0,2,23.761686
0,0,1,1,0,0,0,0,0,0,0,0,0,0,1,0,0,0,1,0,0,0,1,24.0,1.0,1.0,1671840.0,1,13.048276
1,0,0,0,0,0,1,0,0,0,0,0,0,0,1,0,1,0,0,1,0,0,0,50.0,30.0,10.0,3231360.0,2,34.727969
0,1,0,1,0,0,0,0,0,0,0,0,0,0,1,0,1,0,0,0,0,1,0,200.0,40.0,1.0,1080000.0,1,6.962452000000001
1,0,0,1,0,0,0,0,0,0,0,0,1,0,0,0,0,0,1,0,0,0,1,200.0,40.0,1.0,1971360.0,1,11.564751
0,1,0,0,0,0,0,1,0,0,1,0,0,0,0,0,0,0,1,0,0,0,1,100.0,50.0,1.0,3800160.0,1,12.504598
0,1,0,1,0,0,0,0,0,0,0,0,0,0,1,0,0,0,1,0,0,0,1,100.0,40.0,6.0,1355040.0,1,12.348659
1,0,0,1,0,0,0,0,0,0,0,0,0,0,1,0,1,0,0,0,0,1,0,24.0,1.0,1.0,758880.0,1,2.908046
0,1,0,1,0,0,0,0,0,0,0,0,0,1,0,0,0,0,1,0,0,0,1,200.0,40.0,1.0,2583360.0,2,27.495785
0,1,0,1,0,0,0,0,0,0,0,0,0,0,1,0,0,0,1,0,0,0,1,200.0,40.0,8.0,1461600.0,1,3.809962
1,0,0,0,0,0,1,0,0,0,0,0,0,0,1,0,1,0,0,1,0,0,0,260.0,70.0,10.0,1628640.0,1,8.235249000000001
1,0,0,0,0,0,1,0,0,0,0,0,0,0,1,0,1,0,0,1,0,0,0,200.0,40.0,1.0,1764000.0,1,5.950958
1,0,0,1,0,0,0,0,0,0,0,0,0,0,1,0,0,0,1,0,0,0,1,60.0,25.0,10.0,1160640.0,1,5.044828
0,1,0,1,0,0,0,0,0,0,0,0,0,1,0,0,0,0,1,0,0,0,1,75.0,50.0,15.0,1375200.0,1,7.088889
0,1,0,0,0,0,0,1,0,0,0,0,0,0,0,1,1,0,0,0,0,0,1,300.0,100.0,1.0,5544000.0,1,0.598467
1,0,0,1,0,0,0,0,0,0,0,0,0,0,1,0,0,0,1,0,0,0,1,300.0,80.0,10.0,1175040.0,1,5.129119
0,1,0,1,0,0,0,0,0,0,0,0,0,1,0,0,1,0,0,0,1,0,0,100.0,40.0,8.0,1189440.0,1,5.698084
0,1,0,1,0,0,0,0,0,0,0,0,0,1,0,0,1,0,0,0,1,0,0,100.0,40.0,8.0,2903040.0,1,15.842529
1,0,0,0,0,0,0,0,0,1,0,0,1,0,0,0,0,0,1,0,0,0,1,300.0,10.0,10.0,3068640.0,1,14.380076999999998
1,0,0,0,0,0,1,0,0,0,0,0,0,0,1,0,1,0,0,1,0,0,0,80.0,8.0,1.0,1622880.0,1,3.477011
1,0,0,1,0,0,0,0,0,0,0,0,1,0,0,0,0,0,1,0,0,0,1,180.0,40.0,2.0,1398240.0,1,8.395402
0,1,0,0,0,0,0,0,0,1,0,0,0,1,0,0,1,0,0,0,0,0,1,100.0,50.0,1.0,2136960.0,2,21.831418
1,0,0,0,0,0,1,0,0,0,0,0,0,0,1,0,0,0,1,0,0,0,1,200.0,40.0,1.0,2030400.0,1,14.026054
1,0,0,1,0,0,0,0,0,0,0,0,0,0,1,0,1,0,0,0,0,0,1,100.0,40.0,1.0,2124000.0,1,11.19387
1,0,0,1,0,0,0,0,0,0,0,0,0,0,1,0,0,0,1,0,0,0,1,1000.0,120.0,25.0,2701440.0,2,26.787739
1,0,0,1,0,0,0,0,0,0,0,0,1,0,0,0,0,0,1,0,0,0,1,400.0,40.0,1.0,2393280.0,1,5.006897
0,0,1,0,1,0,0,0,0,0,0,1,0,0,0,0,1,0,0,0,0,0,1,40.0,1.0,1.0,878400.0,1,1.833333
0,0,1,0,0,0,0,0,1,0,1,0,0,0,0,0,0,0,1,0,0,0,1,500.0,40.0,1.0,898560.0,1,2.781609
1,0,0,1,0,0,0,0,0,0,0,0,0,0,1,0,1,0,0,0,0,0,1,24.0,1.0,1.0,829440.0,1,3.72567
0,1,0,0,0,0,0,1,0,0,0,0,0,0,0,1,0,0,1,0,0,0,1,15.0,40.0,1.0,2391840.0,2,21.25
0,1,0,0,0,0,0,1,0,0,0,0,0,0,0,1,1,0,0,0,0,0,1,3000.0,600.0,1.0,5544000.0,1,6.869732000000001
0,1,0,0,0,0,0,1,0,0,0,0,0,0,0,1,0,0,1,0,0,0,1,25.0,5.0,1.0,1399680.0,1,0.125
1,0,0,0,0,1,0,0,0,0,0,0,1,0,0,0,0,0,1,0,0,0,1,541.0,50.0,10.0,3297600.0,1,6.41908
1,0,0,0,0,0,0,0,0,1,0,0,1,0,0,0,1,0,0,0,0,0,1,150.0,40.0,1.0,1707840.0,1,6.16705
1,0,0,0,0,1,0,0,0,0,0,0,1,0,0,0,0,0,1,0,0,0,1,400.0,50.0,10.0,1641600.0,1,0.56129
1,0,0,0,0,0,0,0,0,1,0,0,1,0,0,0,1,0,0,0,0,0,1,150.0,40.0,1.0,2557440.0,1,16.292107
1,0,0,0,0,0,0,0,1,0,1,0,0,0,0,0,0,0,1,0,0,0,1,200.0,40.0,1.0,1782720.0,2,24.444444
1,0,0,0,0,0,0,0,0,1,0,0,1,0,0,0,1,0,0,0,0,0,1,800.0,2.0,2.0,908640.0,2,25.9
1,0,0,0,0,1,0,0,0,0,0,0,1,0,0,0,0,0,1,0,0,0,1,234.0,30.0,5.0,2259360.0,3,309.95
0,1,0,0,1,0,0,0,0,0,0,1,0,0,0,0,1,0,0,0,0,0,1,561.0,56.0,1.0,6494400.0,1,1.0
1,0,0,0,0,0,0,1,0,0,1,0,0,0,0,0,1,0,0,0,0,0,1,3000.0,600.0,1.0,4076640.0,1,1.35
0,1,0,0,1,0,0,0,0,0,1,0,0,0,0,0,1,0,0,0,0,0,1,400.0,80.0,1.0,2727360.0,2,24.6875
1,0,0,0,0,0,0,1,0,0,1,0,0,0,0,0,1,0,0,0,0,0,1,500.0,100.0,1.0,4093920.0,1,16.373635999999998
0,1,0,0,0,0,0,0,0,1,0,0,0,1,0,0,0,0,1,0,0,0,1,125.0,5.0,1.0,1185120.0,3,103.839286
1,0,0,0,0,0,0,0,0,1,0,0,1,0,0,0,1,0,0,0,0,0,1,40.0,7.0,2.0,1234080.0,1,6.3629999999999995
0,1,0,0,1,0,0,0,0,0,1,0,0,0,0,0,1,0,0,0,0,0,1,14.0,3.0,1.0,4102560.0,1,7.417624000000001
1,0,0,0,0,0,0,0,1,0,1,0,0,0,0,0,1,0,0,0,0,0,1,200.0,10.0,1.0,1703520.0,1,7.0
0,1,0,0,0,0,0,0,0,1,0,0,0,1,0,0,1,0,0,0,0,0,1,32.0,6.0,1.0,2131200.0,2,68.7
0,1,0,1,0,0,0,0,0,0,0,1,0,0,0,0,0,0,1,0,0,0,1,50.0,40.0,5.0,1566720.0,2,51.625645
1,0,0,0,0,0,0,0,1,0,0,0,1,0,0,0,0,0,1,0,0,0,1,780.0,130.0,2.0,1562400.0,1,1.452103
1,0,0,0,0,0,0,0,1,0,1,0,0,0,0,0,1,0,0,0,0,0,1,100.0,18.0,1.0,2459520.0,1,18.725
1,0,0,0,0,0,0,1,0,0,1,0,0,0,0,0,1,0,0,0,0,0,1,350.0,70.0,1.0,3708000.0,1,0.3
0,1,0,0,1,0,0,0,0,0,1,0,0,0,0,0,1,0,0,0,0,0,1,350.0,160.0,2.0,2273760.0,1,2.687
0,1,0,0,0,0,0,1,0,0,0,0,0,0,0,1,1,0,0,0,0,0,1,20.0,5.0,1.0,1257120.0,1,0.875
1,0,0,0,0,0,0,0,0,1,0,0,1,0,0,0,0,0,1,0,0,0,1,222.0,65.0,1.0,3991680.0,1,4.5
1,0,0,0,0,0,0,0,0,1,0,0,1,0,0,0,1,0,0,0,0,0,1,220.0,50.0,1.0,2170080.0,1,5.875
1,0,0,0,0,1,0,0,0,0,0,0,1,0,0,0,0,0,1,0,0,0,1,322.0,50.0,10.0,1774080.0,1,1.0
0,1,0,0,0,1,0,0,0,0,0,0,0,1,0,0,0,0,1,0,0,0,1,24.0,1.0,1.0,345600.0,1,10.5005
0,1,0,0,1,0,0,0,0,0,0,0,0,1,0,0,1,0,0,0,0,0,1,628.0,100.0,1.0,3404160.0,1,1.5
0,1,0,1,0,0,0,0,0,0,0,0,0,0,1,0,1,0,0,0,0,0,1,24.0,1.0,1.0,1010880.0,1,3.2960000000000003
0,0,1,1,0,0,0,0,0,0,0,0,0,0,1,0,0,0,1,0,0,0,1,200.0,40.0,1.0,2122560.0,3,147.17241299999995
1,0,0,0,0,0,0,0,0,1,0,0,1,0,0,0,1,0,0,0,0,0,1,335.0,70.0,3.0,3120480.0,1,0.25
0,1,0,0,1,0,0,0,0,0,0,0,0,1,0,0,1,0,0,0,0,0,1,4.0,1.0,1.0,4383360.0,1,0.5
0,1,0,0,1,0,0,0,0,0,0,1,0,0,0,0,1,0,0,0,0,0,1,11.0,2.0,1.0,4078080.0,1,15.636015
1,0,0,0,0,0,0,0,0,1,0,0,1,0,0,0,0,0,1,0,0,0,1,130.0,62.0,1.0,3628800.0,1,13.725999999999999
1,0,0,0,0,0,0,0,0,1,0,0,1,0,0,0,0,0,1,0,0,0,1,50.0,52.0,1.0,2171520.0,1,1.1
0,1,0,0,0,0,0,1,0,0,0,0,0,0,0,1,1,0,0,0,0,0,1,300.0,1.0,1.0,9745920.0,1,3.0
0,1,0,0,0,0,0,1,0,0,0,0,0,0,0,1,1,0,0,0,0,0,1,300.0,40.0,1.0,5544000.0,1,0.063
